DELETE FROM merchants;
DELETE FROM acquirer_transactions;

--- MERCHANTS Password is encrypted form of password
INSERT INTO merchants (id, email, password, name) VALUES (1, 'merchant@dev.com', '$2a$10$e5gfGVzxUQnYebHcFoDwgO0PCPZ2xrVqfjxpDJ6gpBUo3pvPsqtxC', 'Dev - Merchant');
INSERT INTO merchants (id, email, password, name) VALUES (2, 'merchant@test.com', '$2a$10$e5gfGVzxUQnYebHcFoDwgO0PCPZ2xrVqfjxpDJ6gpBUo3pvPsqtxC', 'Test - Merchant');
INSERT INTO merchants (id, email, password, name) VALUES (3, 'merchant@prod.com', '$2a$10$e5gfGVzxUQnYebHcFoDwgO0PCPZ2xrVqfjxpDJ6gpBUo3pvPsqtxC', 'Prod - Merchant');
INSERT INTO merchants (id, email, password, name) VALUES (4, 'merchant@stag.com', '$2a$10$e5gfGVzxUQnYebHcFoDwgO0PCPZ2xrVqfjxpDJ6gpBUo3pvPsqtxC', 'Stage - Merchant');

--- ACQUIRER_TRANSACTIONS
INSERT INTO acquirer_transactions (id, name, code, type) VALUES (1, 'Mergen Bank', 'MB', 'CREDITCARD');
INSERT INTO acquirer_transactions (id, name, code, type) VALUES (2, 'Mergen Bank', 'MB', 'CITADEL');
INSERT INTO acquirer_transactions (id, name, code, type) VALUES (3, 'Mergen Bank', 'MB', 'CUP');
INSERT INTO acquirer_transactions (id, name, code, type) VALUES (4, 'Mergen Bank', 'MB', 'STORED');
INSERT INTO acquirer_transactions (id, name, code, type) VALUES (5, 'Mergen Bank', 'MB', 'GIROPAY');
INSERT INTO acquirer_transactions (id, name, code, type) VALUES (6, 'Mergen Bank', 'MB', 'MISTERCASH');
INSERT INTO acquirer_transactions (id, name, code, type) VALUES (7, 'Mergen Bank', 'MB', 'CEPBANK');
INSERT INTO acquirer_transactions (id, name, code, type) VALUES (8, 'Mergen Bank', 'MB', 'PAYTOCARD');
INSERT INTO acquirer_transactions (id, name, code, type) VALUES (9, 'Mergen Bank', 'MB', 'IDEAL');
INSERT INTO acquirer_transactions (id, name, code, type) VALUES (10, 'Payment Asia', 'PA', 'CUP');
INSERT INTO acquirer_transactions (id, name, code, type) VALUES (11, 'Bank Transfer Withdraw', 'BTWD', 'WITHDRAW');
INSERT INTO acquirer_transactions (id, name, code, type) VALUES (12, 'WorldPay Ideal', 'ID', 'IDEAL');

--- FX_TRANSACTIONS
INSERT INTO fx_transactions (id, originalAmount, originalCurrency) VALUES (01, 101, 'TRY');
INSERT INTO fx_transactions (id, originalAmount, originalCurrency) VALUES (02, 102, 'EUR');
INSERT INTO fx_transactions (id, originalAmount, originalCurrency) VALUES (03, 103, 'USD');
INSERT INTO fx_transactions (id, originalAmount, originalCurrency) VALUES (04, 104, 'TRY');
INSERT INTO fx_transactions (id, originalAmount, originalCurrency) VALUES (05, 105, 'TRY');
INSERT INTO fx_transactions (id, originalAmount, originalCurrency) VALUES (06, 106, 'TRY');
INSERT INTO fx_transactions (id, originalAmount, originalCurrency) VALUES (07, 107, 'TRY');
INSERT INTO fx_transactions (id, originalAmount, originalCurrency) VALUES (08, 108, 'USD');
INSERT INTO fx_transactions (id, originalAmount, originalCurrency) VALUES (09, 109, 'EUR');
INSERT INTO fx_transactions (id, originalAmount, originalCurrency) VALUES (10, 110, 'EUR');

--- AGENT_INFOS
INSERT INTO agent_infos (id, customerIp, customerUserAgent, merchantIp, merchantUserAgent, createdAt) VALUES (1, '192.168.10.111', 'Mozilla/1.0 (Macintosh; Intel Mac OS X 10_12_1) AppleWebKit/537.1 (KHTML, like Gecko) Chrome/59.0.3071.1 Safari/537.1', '213.74.172.1', 'GuzzleHttp/6.1.2 curl/7.35.2 PHP/5.6.23-2+deprecated+dontuse+deb.sury.org~trusty+1', '2017-07-01 01:01:41');
INSERT INTO agent_infos (id, customerIp, customerUserAgent, merchantIp, merchantUserAgent, createdAt) VALUES (2, '192.168.10.222', 'Mozilla/2.0 (Macintosh; Intel Mac OS X 10_12_2) AppleWebKit/537.2 (KHTML, like Gecko) Chrome/59.0.3071.2 Safari/537.2', '213.74.172.2', 'GuzzleHttp/6.1.2 curl/7.35.2 PHP/5.6.23-2+deprecated+dontuse+deb.sury.org~trusty+2', '2017-07-02 02:02:42');
INSERT INTO agent_infos (id, customerIp, customerUserAgent, merchantIp, merchantUserAgent, createdAt) VALUES (3, '192.168.10.333', 'Mozilla/3.0 (Macintosh; Intel Mac OS X 10_12_3) AppleWebKit/537.3 (KHTML, like Gecko) Chrome/59.0.3071.3 Safari/537.3', '213.74.172.3', 'GuzzleHttp/6.1.2 curl/7.35.2 PHP/5.6.23-2+deprecated+dontuse+deb.sury.org~trusty+3', '2017-07-03 03:03:43');
INSERT INTO agent_infos (id, customerIp, customerUserAgent, merchantIp, merchantUserAgent, createdAt) VALUES (4, '192.168.10.444', 'Mozilla/4.0 (Macintosh; Intel Mac OS X 10_12_4) AppleWebKit/537.4 (KHTML, like Gecko) Chrome/59.0.3071.4 Safari/537.4', '213.74.172.4', 'GuzzleHttp/6.1.2 curl/7.35.2 PHP/5.6.23-2+deprecated+dontuse+deb.sury.org~trusty+4', '2017-07-04 04:04:44');

--- IPN_TRANSACTIONS
INSERT INTO ipn_transactions (id, ipnSent, ipnReceived) VALUES (1, 1, 1);
INSERT INTO ipn_transactions (id, ipnSent, ipnReceived) VALUES (2, 0, 1);
INSERT INTO ipn_transactions (id, ipnSent, ipnReceived) VALUES (3, 1, 0);
INSERT INTO ipn_transactions (id, ipnSent, ipnReceived) VALUES (4, 0, 0);

--- CUSTOMER_INFOS
INSERT INTO customer_infos (id, number, expiryMonth, expiryYear, startMonth, startYear, issueNumber, email, birthday, gender, billingTitle, billingFirstName, billingLastName, billingCompany, billingAddress1, billingAddress2, billingCity, billingPostcode, billingState, billingCountry, billingPhone​, billingFax, shippingTitle, shippingFirstName, shippingLastName​, shippingCompany, shippingAddress1​, shippingAddress2​, shippingCity​, shippingPostcode​, shippingState, shippingCountry, shippingPhone, shippingFax, token, createdAt, updatedAt) VALUES (01, '01XXXXXXXXXXXX01', '12', '19', null, null, null, '01@example.io', '1901-01-01 07:01:00', null, 'Billing 01', 'Name 01', 'Last name 01', 'Company 01', 'Address 01', null, 'Antalya', '07001', null, 'TR', '02422223301', null, 'Title 01', 'Name 01', 'Last Name 01​', 'Company 01', 'Address 01​', null, 'Antalya', '07001', null, 'TR', '02422223301', null, null, '2001-01-01 07:01:00', '2001-01-01 07:01:00');
INSERT INTO customer_infos (id, number, expiryMonth, expiryYear, startMonth, startYear, issueNumber, email, birthday, gender, billingTitle, billingFirstName, billingLastName, billingCompany, billingAddress1, billingAddress2, billingCity, billingPostcode, billingState, billingCountry, billingPhone​, billingFax, shippingTitle, shippingFirstName, shippingLastName​, shippingCompany, shippingAddress1​, shippingAddress2​, shippingCity​, shippingPostcode​, shippingState, shippingCountry, shippingPhone, shippingFax, token, createdAt, updatedAt) VALUES (02, '02XXXXXXXXXXXX02', '12', '19', null, null, null, '02@example.io', '1902-01-01 07:02:00', null, 'Billing 02', 'Name 02', 'Last name 02', 'Company 02', 'Address 02', null, 'Antalya', '07002', null, 'TR', '02422223302', null, 'Title 02', 'Name 02', 'Last Name 02​', 'Company 02', 'Address 02​', null, 'Antalya', '07002', null, 'TR', '02422223302', null, null, '2002-01-01 07:02:00', '2002-01-02 07:02:00');
INSERT INTO customer_infos (id, number, expiryMonth, expiryYear, startMonth, startYear, issueNumber, email, birthday, gender, billingTitle, billingFirstName, billingLastName, billingCompany, billingAddress1, billingAddress2, billingCity, billingPostcode, billingState, billingCountry, billingPhone​, billingFax, shippingTitle, shippingFirstName, shippingLastName​, shippingCompany, shippingAddress1​, shippingAddress2​, shippingCity​, shippingPostcode​, shippingState, shippingCountry, shippingPhone, shippingFax, token, createdAt, updatedAt) VALUES (03, '03XXXXXXXXXXXX03', '12', '19', null, null, null, '03@example.io', '1903-01-01 07:03:00', null, 'Billing 03', 'Name 03', 'Last name 03', 'Company 03', 'Address 03', null, 'Antalya', '07003', null, 'TR', '02422223303', null, 'Title 03', 'Name 03', 'Last Name 03​', 'Company 03', 'Address 03​', null, 'Antalya', '07003', null, 'TR', '02422223303', null, null, '2003-01-01 07:03:00', '2003-01-03 07:03:00');
INSERT INTO customer_infos (id, number, expiryMonth, expiryYear, startMonth, startYear, issueNumber, email, birthday, gender, billingTitle, billingFirstName, billingLastName, billingCompany, billingAddress1, billingAddress2, billingCity, billingPostcode, billingState, billingCountry, billingPhone​, billingFax, shippingTitle, shippingFirstName, shippingLastName​, shippingCompany, shippingAddress1​, shippingAddress2​, shippingCity​, shippingPostcode​, shippingState, shippingCountry, shippingPhone, shippingFax, token, createdAt, updatedAt) VALUES (04, '04XXXXXXXXXXXX04', '12', '19', null, null, null, '04@example.io', '1904-01-01 07:04:00', null, 'Billing 04', 'Name 04', 'Last name 04', 'Company 04', 'Address 04', null, 'Antalya', '07004', null, 'TR', '02422223304', null, 'Title 04', 'Name 04', 'Last Name 04​', 'Company 04', 'Address 04​', null, 'Antalya', '07004', null, 'TR', '02422223304', null, null, '2004-01-01 07:04:00', '2004-01-04 07:04:00');
INSERT INTO customer_infos (id, number, expiryMonth, expiryYear, startMonth, startYear, issueNumber, email, birthday, gender, billingTitle, billingFirstName, billingLastName, billingCompany, billingAddress1, billingAddress2, billingCity, billingPostcode, billingState, billingCountry, billingPhone​, billingFax, shippingTitle, shippingFirstName, shippingLastName​, shippingCompany, shippingAddress1​, shippingAddress2​, shippingCity​, shippingPostcode​, shippingState, shippingCountry, shippingPhone, shippingFax, token, createdAt, updatedAt) VALUES (05, '05XXXXXXXXXXXX05', '12', '19', null, null, null, '05@example.io', '1905-01-01 07:05:00', null, 'Billing 05', 'Name 05', 'Last name 05', 'Company 05', 'Address 05', null, 'Antalya', '07005', null, 'TR', '02422223305', null, 'Title 05', 'Name 05', 'Last Name 05​', 'Company 05', 'Address 05​', null, 'Antalya', '07005', null, 'TR', '02422223305', null, null, '2005-01-01 07:05:00', '2005-01-05 07:05:00');
INSERT INTO customer_infos (id, number, expiryMonth, expiryYear, startMonth, startYear, issueNumber, email, birthday, gender, billingTitle, billingFirstName, billingLastName, billingCompany, billingAddress1, billingAddress2, billingCity, billingPostcode, billingState, billingCountry, billingPhone​, billingFax, shippingTitle, shippingFirstName, shippingLastName​, shippingCompany, shippingAddress1​, shippingAddress2​, shippingCity​, shippingPostcode​, shippingState, shippingCountry, shippingPhone, shippingFax, token, createdAt, updatedAt) VALUES (06, '06XXXXXXXXXXXX06', '12', '19', null, null, null, '06@example.io', '1906-01-01 07:06:00', null, 'Billing 06', 'Name 06', 'Last name 06', 'Company 06', 'Address 06', null, 'Antalya', '07006', null, 'TR', '02422223306', null, 'Title 06', 'Name 06', 'Last Name 06​', 'Company 06', 'Address 06​', null, 'Antalya', '07006', null, 'TR', '02422223306', null, null, '2006-01-01 07:06:00', '2006-01-06 07:06:00');
INSERT INTO customer_infos (id, number, expiryMonth, expiryYear, startMonth, startYear, issueNumber, email, birthday, gender, billingTitle, billingFirstName, billingLastName, billingCompany, billingAddress1, billingAddress2, billingCity, billingPostcode, billingState, billingCountry, billingPhone​, billingFax, shippingTitle, shippingFirstName, shippingLastName​, shippingCompany, shippingAddress1​, shippingAddress2​, shippingCity​, shippingPostcode​, shippingState, shippingCountry, shippingPhone, shippingFax, token, createdAt, updatedAt) VALUES (07, '07XXXXXXXXXXXX07', '12', '19', null, null, null, '07@example.io', '1907-01-01 07:07:00', null, 'Billing 07', 'Name 07', 'Last name 07', 'Company 07', 'Address 07', null, 'Antalya', '07007', null, 'TR', '02422223307', null, 'Title 07', 'Name 07', 'Last Name 07​', 'Company 07', 'Address 07​', null, 'Antalya', '07007', null, 'TR', '02422223307', null, null, '2007-01-01 07:07:00', '2007-01-07 07:07:00');
INSERT INTO customer_infos (id, number, expiryMonth, expiryYear, startMonth, startYear, issueNumber, email, birthday, gender, billingTitle, billingFirstName, billingLastName, billingCompany, billingAddress1, billingAddress2, billingCity, billingPostcode, billingState, billingCountry, billingPhone​, billingFax, shippingTitle, shippingFirstName, shippingLastName​, shippingCompany, shippingAddress1​, shippingAddress2​, shippingCity​, shippingPostcode​, shippingState, shippingCountry, shippingPhone, shippingFax, token, createdAt, updatedAt) VALUES (08, '08XXXXXXXXXXXX08', '12', '19', null, null, null, '08@example.io', '1908-01-01 07:08:00', null, 'Billing 08', 'Name 08', 'Last name 08', 'Company 08', 'Address 08', null, 'Antalya', '07008', null, 'TR', '02422223308', null, 'Title 08', 'Name 08', 'Last Name 08​', 'Company 08', 'Address 08​', null, 'Antalya', '07008', null, 'TR', '02422223308', null, null, '2008-01-01 07:08:00', '2008-01-08 07:08:00');
INSERT INTO customer_infos (id, number, expiryMonth, expiryYear, startMonth, startYear, issueNumber, email, birthday, gender, billingTitle, billingFirstName, billingLastName, billingCompany, billingAddress1, billingAddress2, billingCity, billingPostcode, billingState, billingCountry, billingPhone​, billingFax, shippingTitle, shippingFirstName, shippingLastName​, shippingCompany, shippingAddress1​, shippingAddress2​, shippingCity​, shippingPostcode​, shippingState, shippingCountry, shippingPhone, shippingFax, token, createdAt, updatedAt) VALUES (09, '09XXXXXXXXXXXX09', '12', '19', null, null, null, '09@example.io', '1909-01-01 07:09:00', null, 'Billing 09', 'Name 09', 'Last name 09', 'Company 09', 'Address 09', null, 'Antalya', '07009', null, 'TR', '02422223309', null, 'Title 09', 'Name 09', 'Last Name 09​', 'Company 09', 'Address 09​', null, 'Antalya', '07009', null, 'TR', '02422223309', null, null, '2009-01-01 07:09:00', '2009-01-09 07:09:00');
INSERT INTO customer_infos (id, number, expiryMonth, expiryYear, startMonth, startYear, issueNumber, email, birthday, gender, billingTitle, billingFirstName, billingLastName, billingCompany, billingAddress1, billingAddress2, billingCity, billingPostcode, billingState, billingCountry, billingPhone​, billingFax, shippingTitle, shippingFirstName, shippingLastName​, shippingCompany, shippingAddress1​, shippingAddress2​, shippingCity​, shippingPostcode​, shippingState, shippingCountry, shippingPhone, shippingFax, token, createdAt, updatedAt) VALUES (10, '10XXXXXXXXXXXX10', '12', '19', null, null, null, '10@example.io', '1910-01-01 07:10:00', null, 'Billing 10', 'Name 10', 'Last name 10', 'Company 10', 'Address 10', null, 'Antalya', '07010', null, 'TR', '02422223310', null, 'Title 10', 'Name 10', 'Last Name 10​', 'Company 10', 'Address 10​', null, 'Antalya', '07010', null, 'TR', '02422223310', null, null, '2010-01-01 07:10:00', '2010-01-10 07:10:00');
INSERT INTO customer_infos (id, number, expiryMonth, expiryYear, startMonth, startYear, issueNumber, email, birthday, gender, billingTitle, billingFirstName, billingLastName, billingCompany, billingAddress1, billingAddress2, billingCity, billingPostcode, billingState, billingCountry, billingPhone​, billingFax, shippingTitle, shippingFirstName, shippingLastName​, shippingCompany, shippingAddress1​, shippingAddress2​, shippingCity​, shippingPostcode​, shippingState, shippingCountry, shippingPhone, shippingFax, token, createdAt, updatedAt) VALUES (11, '11XXXXXXXXXXXX11', '12', '19', null, null, null, '11@example.io', '1911-01-01 07:11:00', null, 'Billing 11', 'Name 11', 'Last name 11', 'Company 11', 'Address 11', null, 'Antalya', '07011', null, 'TR', '02422223311', null, 'Title 11', 'Name 11', 'Last Name 11​', 'Company 11', 'Address 11​', null, 'Antalya', '07011', null, 'TR', '02422223311', null, null, '2011-01-01 07:11:00', '2011-01-11 07:11:00');
INSERT INTO customer_infos (id, number, expiryMonth, expiryYear, startMonth, startYear, issueNumber, email, birthday, gender, billingTitle, billingFirstName, billingLastName, billingCompany, billingAddress1, billingAddress2, billingCity, billingPostcode, billingState, billingCountry, billingPhone​, billingFax, shippingTitle, shippingFirstName, shippingLastName​, shippingCompany, shippingAddress1​, shippingAddress2​, shippingCity​, shippingPostcode​, shippingState, shippingCountry, shippingPhone, shippingFax, token, createdAt, updatedAt) VALUES (12, '12XXXXXXXXXXXX12', '12', '19', null, null, null, '12@example.io', '1912-01-01 07:12:00', null, 'Billing 12', 'Name 12', 'Last name 12', 'Company 12', 'Address 12', null, 'Antalya', '07012', null, 'TR', '02422223312', null, 'Title 12', 'Name 12', 'Last Name 12​', 'Company 12', 'Address 12​', null, 'Antalya', '07012', null, 'TR', '02422223312', null, null, '2012-01-01 07:12:00', '2012-01-12 07:12:00');

--- TRANSACTIONS
---                       id, transactionId, referenceNo, ipnTransactionId, fxTransactionId, merchantId, customerInfoId, agentInfoId, acquirerTransactionId, status, code, amount, currency, channel, customData, chainId, returnUrl, type, operation, message, refundable, createdAt, updatedAt, deletedAt   ----            ipn - fx -merchant - customer - agent - acquirer - status, code, amount, currency, channel, customData, chainId, returnUrl, type, operation, message, refundable, createdAt, updatedAt, deletedAt
INSERT INTO transactions (id, transactionId, referenceNo, ipnTransactionId, fxTransactionId, merchantId, customerInfoId, agentInfoId, acquirerTransactionId, status, code, type, operation, message, amount, currency, channel, customData, chainId, returnUrl, refundable, createdAt, updatedAt, deletedAt) VALUES (01, 'transaction_01', 'reference_01', 1, 01, 1, 01, 1, 01, 'WAITING ', '22', 'AUTH', '3D    ', 'Waiting ', 101, 'TRY', 'API', 'customData 01', 'chain 01', null, 0, '2001-07-01 07:01:00', '2001-07-01 07:01:00', null);
INSERT INTO transactions (id, transactionId, referenceNo, ipnTransactionId, fxTransactionId, merchantId, customerInfoId, agentInfoId, acquirerTransactionId, status, code, type, operation, message, amount, currency, channel, customData, chainId, returnUrl, refundable, createdAt, updatedAt, deletedAt) VALUES (02, 'transaction_02', 'reference_02', 2, 02, 2, 02, 2, 02, 'WAITING ', '22', 'AUTH', '3D    ', 'Waiting ', 102, 'EUR', 'API', 'customData 02', 'chain 02', null, 0, '2002-07-02 07:02:00', '2002-07-02 07:02:00', null);
INSERT INTO transactions (id, transactionId, referenceNo, ipnTransactionId, fxTransactionId, merchantId, customerInfoId, agentInfoId, acquirerTransactionId, status, code, type, operation, message, amount, currency, channel, customData, chainId, returnUrl, refundable, createdAt, updatedAt, deletedAt) VALUES (03, 'transaction_03', 'reference_03', 3, 03, 3, 03, 3, 03, 'WAITING ', '22', 'AUTH', '3D    ', 'Waiting ', 103, 'USD', 'API', 'customData 03', 'chain 03', null, 0, '2003-07-03 07:03:00', '2003-07-03 07:03:00', null);
INSERT INTO transactions (id, transactionId, referenceNo, ipnTransactionId, fxTransactionId, merchantId, customerInfoId, agentInfoId, acquirerTransactionId, status, code, type, operation, message, amount, currency, channel, customData, chainId, returnUrl, refundable, createdAt, updatedAt, deletedAt) VALUES (04, 'transaction_04', 'reference_04', 4, 04, 4, 04, 4, 04, 'WAITING ', '22', 'AUTH', '3D    ', 'Waiting ', 104, 'TRY', 'API', 'customData 04', 'chain 04', null, 0, '2004-07-04 07:04:00', '2004-07-04 07:04:00', null);
INSERT INTO transactions (id, transactionId, referenceNo, ipnTransactionId, fxTransactionId, merchantId, customerInfoId, agentInfoId, acquirerTransactionId, status, code, type, operation, message, amount, currency, channel, customData, chainId, returnUrl, refundable, createdAt, updatedAt, deletedAt) VALUES (05, 'transaction_05', 'reference_05', 1, 05, 1, 05, 1, 05, 'WAITING ', '22', 'AUTH', '3D    ', 'Waiting ', 105, 'TRY', 'API', 'customData 05', 'chain 05', null, 0, '2005-07-05 07:05:00', '2005-07-05 07:05:00', null);
INSERT INTO transactions (id, transactionId, referenceNo, ipnTransactionId, fxTransactionId, merchantId, customerInfoId, agentInfoId, acquirerTransactionId, status, code, type, operation, message, amount, currency, channel, customData, chainId, returnUrl, refundable, createdAt, updatedAt, deletedAt) VALUES (06, 'transaction_06', 'reference_06', 2, 06, 2, 06, 2, 06, 'WAITING ', '22', 'AUTH', '3D    ', 'Waiting ', 106, 'TRY', 'API', 'customData 06', 'chain 06', null, 0, '2006-07-06 07:06:00', '2006-07-06 07:06:00', null);
INSERT INTO transactions (id, transactionId, referenceNo, ipnTransactionId, fxTransactionId, merchantId, customerInfoId, agentInfoId, acquirerTransactionId, status, code, type, operation, message, amount, currency, channel, customData, chainId, returnUrl, refundable, createdAt, updatedAt, deletedAt) VALUES (07, 'transaction_07', 'reference_07', 3, 07, 3, 07, 3, 07, 'WAITING ', '22', 'AUTH', '3D    ', 'Waiting ', 107, 'TRY', 'API', 'customData 07', 'chain 07', null, 0, '2007-07-07 07:07:00', '2007-07-07 07:07:00', null);
INSERT INTO transactions (id, transactionId, referenceNo, ipnTransactionId, fxTransactionId, merchantId, customerInfoId, agentInfoId, acquirerTransactionId, status, code, type, operation, message, amount, currency, channel, customData, chainId, returnUrl, refundable, createdAt, updatedAt, deletedAt) VALUES (08, 'transaction_08', 'reference_08', 4, 08, 4, 08, 4, 08, 'WAITING ', '22', 'AUTH', '3D    ', 'Waiting ', 108, 'USD', 'API', 'customData 08', 'chain 08', null, 0, '2008-07-08 07:08:00', '2008-07-08 07:08:00', null);
INSERT INTO transactions (id, transactionId, referenceNo, ipnTransactionId, fxTransactionId, merchantId, customerInfoId, agentInfoId, acquirerTransactionId, status, code, type, operation, message, amount, currency, channel, customData, chainId, returnUrl, refundable, createdAt, updatedAt, deletedAt) VALUES (09, 'transaction_09', 'reference_09', 1, 09, 1, 09, 1, 09, 'WAITING ', '22', 'AUTH', '3D    ', 'Waiting ', 109, 'EUR', 'API', 'customData 09', 'chain 09', null, 0, '2009-07-09 07:09:00', '2009-07-09 07:09:00', null);
INSERT INTO transactions (id, transactionId, referenceNo, ipnTransactionId, fxTransactionId, merchantId, customerInfoId, agentInfoId, acquirerTransactionId, status, code, type, operation, message, amount, currency, channel, customData, chainId, returnUrl, refundable, createdAt, updatedAt, deletedAt) VALUES (10, 'transaction_10', 'reference_10', 2, 10, 2, 10, 2, 10, 'WAITING ', '22', 'AUTH', '3D    ', 'Waiting ', 110, 'EUR', 'API', 'customData 10', 'chain 10', null, 0, '2010-07-10 07:10:00', '2010-07-10 07:10:00', null);
INSERT INTO transactions (id, transactionId, referenceNo, ipnTransactionId, fxTransactionId, merchantId, customerInfoId, agentInfoId, acquirerTransactionId, status, code, type, operation, message, amount, currency, channel, customData, chainId, returnUrl, refundable, createdAt, updatedAt, deletedAt) VALUES (11, 'transaction_11', 'reference_11', 3, 03, 3, 07, 3, 11, 'WAITING ', '22', 'AUTH', '3D    ', 'Waiting ', 103, 'USD', 'API', 'customData 11', 'chain 11', null, 0, '2011-07-11 07:11:00', '2011-07-11 07:11:00', null);
INSERT INTO transactions (id, transactionId, referenceNo, ipnTransactionId, fxTransactionId, merchantId, customerInfoId, agentInfoId, acquirerTransactionId, status, code, type, operation, message, amount, currency, channel, customData, chainId, returnUrl, refundable, createdAt, updatedAt, deletedAt) VALUES (12, 'transaction_12', 'reference_12', 4, 04, 4, 07, 4, 12, 'WAITING ', '22', 'AUTH', '3D    ', 'Waiting ', 104, 'TRY', 'API', 'customData 12', 'chain 12', null, 0, '2012-07-12 07:12:00', '2012-07-12 07:12:00', null);
INSERT INTO transactions (id, transactionId, referenceNo, ipnTransactionId, fxTransactionId, merchantId, customerInfoId, agentInfoId, acquirerTransactionId, status, code, type, operation, message, amount, currency, channel, customData, chainId, returnUrl, refundable, createdAt, updatedAt, deletedAt) VALUES (13, 'transaction_13', 'reference_13', 1, 01, 1, 01, 1, 01, 'APPROVED', '00', 'AUTH', '3DAUTH', 'Approved', 101, 'TRY', 'API', 'customData 13', 'chain 13', null, 0, '2001-07-13 07:13:00', '2001-07-13 07:13:00', null);
INSERT INTO transactions (id, transactionId, referenceNo, ipnTransactionId, fxTransactionId, merchantId, customerInfoId, agentInfoId, acquirerTransactionId, status, code, type, operation, message, amount, currency, channel, customData, chainId, returnUrl, refundable, createdAt, updatedAt, deletedAt) VALUES (14, 'transaction_14', 'reference_14', 2, 02, 2, 02, 2, 02, 'APPROVED', '00', 'AUTH', '3DAUTH', 'Approved', 102, 'EUR', 'API', 'customData 14', 'chain 14', null, 0, '2002-07-14 07:14:00', '2002-07-14 07:14:00', null);
INSERT INTO transactions (id, transactionId, referenceNo, ipnTransactionId, fxTransactionId, merchantId, customerInfoId, agentInfoId, acquirerTransactionId, status, code, type, operation, message, amount, currency, channel, customData, chainId, returnUrl, refundable, createdAt, updatedAt, deletedAt) VALUES (15, 'transaction_15', 'reference_15', 3, 03, 3, 03, 3, 03, 'APPROVED', '00', 'AUTH', '3DAUTH', 'Approved', 103, 'USD', 'API', 'customData 15', 'chain 15', null, 0, '2003-07-15 07:15:00', '2003-07-15 07:15:00', null);
INSERT INTO transactions (id, transactionId, referenceNo, ipnTransactionId, fxTransactionId, merchantId, customerInfoId, agentInfoId, acquirerTransactionId, status, code, type, operation, message, amount, currency, channel, customData, chainId, returnUrl, refundable, createdAt, updatedAt, deletedAt) VALUES (16, 'transaction_16', 'reference_16', 4, 04, 4, 04, 4, 04, 'APPROVED', '00', 'AUTH', '3DAUTH', 'Approved', 104, 'TRY', 'API', 'customData 16', 'chain 16', null, 0, '2004-07-16 07:16:00', '2004-07-16 07:16:00', null);
INSERT INTO transactions (id, transactionId, referenceNo, ipnTransactionId, fxTransactionId, merchantId, customerInfoId, agentInfoId, acquirerTransactionId, status, code, type, operation, message, amount, currency, channel, customData, chainId, returnUrl, refundable, createdAt, updatedAt, deletedAt) VALUES (17, 'transaction_17', 'reference_17', 1, 05, 1, 05, 1, 05, 'APPROVED', '00', 'AUTH', '3DAUTH', 'Approved', 105, 'TRY', 'API', 'customData 17', 'chain 17', null, 0, '2005-07-17 07:17:00', '2005-07-17 07:17:00', null);
INSERT INTO transactions (id, transactionId, referenceNo, ipnTransactionId, fxTransactionId, merchantId, customerInfoId, agentInfoId, acquirerTransactionId, status, code, type, operation, message, amount, currency, channel, customData, chainId, returnUrl, refundable, createdAt, updatedAt, deletedAt) VALUES (18, 'transaction_18', 'reference_18', 2, 06, 2, 06, 2, 06, 'APPROVED', '00', 'AUTH', '3DAUTH', 'Approved', 106, 'TRY', 'API', 'customData 18', 'chain 18', null, 0, '2006-07-18 07:18:00', '2006-07-18 07:18:00', null);
INSERT INTO transactions (id, transactionId, referenceNo, ipnTransactionId, fxTransactionId, merchantId, customerInfoId, agentInfoId, acquirerTransactionId, status, code, type, operation, message, amount, currency, channel, customData, chainId, returnUrl, refundable, createdAt, updatedAt, deletedAt) VALUES (19, 'transaction_19', 'reference_19', 3, 07, 3, 07, 3, 07, 'APPROVED', '00', 'AUTH', '3DAUTH', 'Approved', 107, 'TRY', 'API', 'customData 19', 'chain 19', null, 0, '2007-07-19 07:19:00', '2007-07-19 07:19:00', null);
INSERT INTO transactions (id, transactionId, referenceNo, ipnTransactionId, fxTransactionId, merchantId, customerInfoId, agentInfoId, acquirerTransactionId, status, code, type, operation, message, amount, currency, channel, customData, chainId, returnUrl, refundable, createdAt, updatedAt, deletedAt) VALUES (20, 'transaction_20', 'reference_20', 4, 08, 4, 08, 4, 08, 'APPROVED', '00', 'AUTH', '3DAUTH', 'Approved', 108, 'USD', 'API', 'customData 20', 'chain 20', null, 0, '2008-07-20 07:20:00', '2008-07-20 07:20:00', null);
INSERT INTO transactions (id, transactionId, referenceNo, ipnTransactionId, fxTransactionId, merchantId, customerInfoId, agentInfoId, acquirerTransactionId, status, code, type, operation, message, amount, currency, channel, customData, chainId, returnUrl, refundable, createdAt, updatedAt, deletedAt) VALUES (21, 'transaction_21', 'reference_21', 1, 09, 1, 09, 1, 09, 'APPROVED', '00', 'AUTH', '3DAUTH', 'Approved', 109, 'EUR', 'API', 'customData 21', 'chain 21', null, 0, '2009-07-21 07:21:00', '2009-07-21 07:21:00', null);
INSERT INTO transactions (id, transactionId, referenceNo, ipnTransactionId, fxTransactionId, merchantId, customerInfoId, agentInfoId, acquirerTransactionId, status, code, type, operation, message, amount, currency, channel, customData, chainId, returnUrl, refundable, createdAt, updatedAt, deletedAt) VALUES (22, 'transaction_22', 'reference_22', 2, 10, 2, 10, 2, 10, 'APPROVED', '00', 'AUTH', '3DAUTH', 'Approved', 110, 'EUR', 'API', 'customData 22', 'chain 22', null, 0, '2010-07-22 07:22:00', '2010-07-22 07:22:00', null);
INSERT INTO transactions (id, transactionId, referenceNo, ipnTransactionId, fxTransactionId, merchantId, customerInfoId, agentInfoId, acquirerTransactionId, status, code, type, operation, message, amount, currency, channel, customData, chainId, returnUrl, refundable, createdAt, updatedAt, deletedAt) VALUES (23, 'transaction_23', 'reference_23', 3, 03, 3, 07, 3, 11, 'APPROVED', '00', 'AUTH', '3DAUTH', 'Approved', 103, 'USD', 'API', 'customData 23', 'chain 23', null, 0, '2011-07-23 07:23:00', '2011-07-23 07:23:00', null);
INSERT INTO transactions (id, transactionId, referenceNo, ipnTransactionId, fxTransactionId, merchantId, customerInfoId, agentInfoId, acquirerTransactionId, status, code, type, operation, message, amount, currency, channel, customData, chainId, returnUrl, refundable, createdAt, updatedAt, deletedAt) VALUES (24, 'transaction_24', 'reference_24', 4, 04, 4, 07, 4, 12, 'APPROVED', '00', 'AUTH', '3DAUTH', 'Approved', 104, 'TRY', 'API', 'customData 24', 'chain 24', null, 0, '2012-07-24 07:24:00', '2012-07-24 07:24:00', null);
INSERT INTO transactions (id, transactionId, referenceNo, ipnTransactionId, fxTransactionId, merchantId, customerInfoId, agentInfoId, acquirerTransactionId, status, code, type, operation, message, amount, currency, channel, customData, chainId, returnUrl, refundable, createdAt, updatedAt, deletedAt) VALUES (25, 'transaction_25', 'reference_25', 1, 01, 1, 01, 1, 01, 'DECLINED', '11', 'AUTH', 'STORED', 'Declined', 101, 'TRY', 'API', 'customData 25', 'chain 25', null, 0, '2025-07-13 07:13:00', '2025-07-13 07:13:00', null);
INSERT INTO transactions (id, transactionId, referenceNo, ipnTransactionId, fxTransactionId, merchantId, customerInfoId, agentInfoId, acquirerTransactionId, status, code, type, operation, message, amount, currency, channel, customData, chainId, returnUrl, refundable, createdAt, updatedAt, deletedAt) VALUES (26, 'transaction_26', 'reference_26', 2, 02, 2, 02, 2, 02, 'DECLINED', '11', 'AUTH', 'STORED', 'Declined', 102, 'EUR', 'API', 'customData 26', 'chain 26', null, 0, '2026-07-14 07:14:00', '2026-07-14 07:14:00', null);
INSERT INTO transactions (id, transactionId, referenceNo, ipnTransactionId, fxTransactionId, merchantId, customerInfoId, agentInfoId, acquirerTransactionId, status, code, type, operation, message, amount, currency, channel, customData, chainId, returnUrl, refundable, createdAt, updatedAt, deletedAt) VALUES (27, 'transaction_27', 'reference_27', 3, 03, 3, 03, 3, 03, 'DECLINED', '11', 'AUTH', 'STORED', 'Declined', 103, 'USD', 'API', 'customData 27', 'chain 27', null, 0, '2027-07-15 07:15:00', '2027-07-15 07:15:00', null);
INSERT INTO transactions (id, transactionId, referenceNo, ipnTransactionId, fxTransactionId, merchantId, customerInfoId, agentInfoId, acquirerTransactionId, status, code, type, operation, message, amount, currency, channel, customData, chainId, returnUrl, refundable, createdAt, updatedAt, deletedAt) VALUES (28, 'transaction_28', 'reference_28', 4, 04, 4, 04, 4, 04, 'DECLINED', '11', 'AUTH', 'STORED', 'Declined', 104, 'TRY', 'API', 'customData 28', 'chain 28', null, 0, '2028-07-16 07:16:00', '2028-07-16 07:16:00', null);
INSERT INTO transactions (id, transactionId, referenceNo, ipnTransactionId, fxTransactionId, merchantId, customerInfoId, agentInfoId, acquirerTransactionId, status, code, type, operation, message, amount, currency, channel, customData, chainId, returnUrl, refundable, createdAt, updatedAt, deletedAt) VALUES (29, 'transaction_29', 'reference_29', 1, 05, 1, 05, 1, 05, 'DECLINED', '11', 'AUTH', 'STORED', 'Declined', 105, 'TRY', 'API', 'customData 29', 'chain 29', null, 0, '2029-07-17 07:17:00', '2029-07-17 07:17:00', null);
INSERT INTO transactions (id, transactionId, referenceNo, ipnTransactionId, fxTransactionId, merchantId, customerInfoId, agentInfoId, acquirerTransactionId, status, code, type, operation, message, amount, currency, channel, customData, chainId, returnUrl, refundable, createdAt, updatedAt, deletedAt) VALUES (30, 'transaction_30', 'reference_30', 2, 06, 2, 06, 2, 06, 'DECLINED', '11', 'AUTH', 'STORED', 'Declined', 106, 'TRY', 'API', 'customData 30', 'chain 30', null, 0, '2030-07-18 07:18:00', '2030-07-18 07:18:00', null);
INSERT INTO transactions (id, transactionId, referenceNo, ipnTransactionId, fxTransactionId, merchantId, customerInfoId, agentInfoId, acquirerTransactionId, status, code, type, operation, message, amount, currency, channel, customData, chainId, returnUrl, refundable, createdAt, updatedAt, deletedAt) VALUES (31, 'transaction_31', 'reference_31', 3, 07, 3, 07, 3, 07, 'DECLINED', '11', 'AUTH', 'STORED', 'Declined', 107, 'TRY', 'API', 'customData 31', 'chain 31', null, 0, '2031-07-19 07:19:00', '2031-07-19 07:19:00', null);
INSERT INTO transactions (id, transactionId, referenceNo, ipnTransactionId, fxTransactionId, merchantId, customerInfoId, agentInfoId, acquirerTransactionId, status, code, type, operation, message, amount, currency, channel, customData, chainId, returnUrl, refundable, createdAt, updatedAt, deletedAt) VALUES (32, 'transaction_32', 'reference_32', 4, 08, 4, 08, 4, 08, 'DECLINED', '11', 'AUTH', 'STORED', 'Declined', 108, 'USD', 'API', 'customData 32', 'chain 32', null, 0, '2032-07-20 07:20:00', '2032-07-20 07:20:00', null);
INSERT INTO transactions (id, transactionId, referenceNo, ipnTransactionId, fxTransactionId, merchantId, customerInfoId, agentInfoId, acquirerTransactionId, status, code, type, operation, message, amount, currency, channel, customData, chainId, returnUrl, refundable, createdAt, updatedAt, deletedAt) VALUES (33, 'transaction_33', 'reference_33', 1, 09, 1, 09, 1, 09, 'DECLINED', '11', 'AUTH', 'STORED', 'Declined', 109, 'EUR', 'API', 'customData 33', 'chain 33', null, 0, '2033-07-21 07:21:00', '2033-07-21 07:21:00', null);
INSERT INTO transactions (id, transactionId, referenceNo, ipnTransactionId, fxTransactionId, merchantId, customerInfoId, agentInfoId, acquirerTransactionId, status, code, type, operation, message, amount, currency, channel, customData, chainId, returnUrl, refundable, createdAt, updatedAt, deletedAt) VALUES (34, 'transaction_34', 'reference_34', 2, 10, 2, 10, 2, 10, 'DECLINED', '11', 'AUTH', 'STORED', 'Declined', 110, 'EUR', 'API', 'customData 34', 'chain 34', null, 0, '2034-07-22 07:22:00', '2034-07-22 07:22:00', null);
INSERT INTO transactions (id, transactionId, referenceNo, ipnTransactionId, fxTransactionId, merchantId, customerInfoId, agentInfoId, acquirerTransactionId, status, code, type, operation, message, amount, currency, channel, customData, chainId, returnUrl, refundable, createdAt, updatedAt, deletedAt) VALUES (35, 'transaction_35', 'reference_35', 3, 03, 3, 07, 3, 11, 'DECLINED', '11', 'AUTH', 'STORED', 'Declined', 103, 'USD', 'API', 'customData 35', 'chain 35', null, 0, '2035-07-23 07:23:00', '2035-07-23 07:23:00', null);
INSERT INTO transactions (id, transactionId, referenceNo, ipnTransactionId, fxTransactionId, merchantId, customerInfoId, agentInfoId, acquirerTransactionId, status, code, type, operation, message, amount, currency, channel, customData, chainId, returnUrl, refundable, createdAt, updatedAt, deletedAt) VALUES (36, 'transaction_36', 'reference_36', 4, 04, 4, 07, 4, 12, 'DECLINED', '11', 'AUTH', 'STORED', 'Declined', 104, 'TRY', 'API', 'customData 36', 'chain 36', null, 0, '2036-07-24 07:24:00', '2036-07-24 07:24:00', null);
INSERT INTO transactions (id, transactionId, referenceNo, ipnTransactionId, fxTransactionId, merchantId, customerInfoId, agentInfoId, acquirerTransactionId, status, code, type, operation, message, amount, currency, channel, customData, chainId, returnUrl, refundable, createdAt, updatedAt, deletedAt) VALUES (41, 'transaction_41', 'reference_41', 2, 02, 2, 02, 2, 02, 'ERROR   ', '44', 'AUTH', 'DIRECT', 'Error',    102, 'EUR', 'API', 'customData 41', 'chain 41', null, 0, '2041-07-14 07:41:00', '2041-07-14 07:41:00', null);
INSERT INTO transactions (id, transactionId, referenceNo, ipnTransactionId, fxTransactionId, merchantId, customerInfoId, agentInfoId, acquirerTransactionId, status, code, type, operation, message, amount, currency, channel, customData, chainId, returnUrl, refundable, createdAt, updatedAt, deletedAt) VALUES (42, 'transaction_42', 'reference_42', 3, 03, 3, 03, 3, 03, 'ERROR   ', '44', 'AUTH', 'DIRECT', 'Error',    103, 'USD', 'API', 'customData 42', 'chain 42', null, 0, '2042-07-15 07:42:00', '2042-07-15 07:42:00', null);
INSERT INTO transactions (id, transactionId, referenceNo, ipnTransactionId, fxTransactionId, merchantId, customerInfoId, agentInfoId, acquirerTransactionId, status, code, type, operation, message, amount, currency, channel, customData, chainId, returnUrl, refundable, createdAt, updatedAt, deletedAt) VALUES (43, 'transaction_43', 'reference_43', 4, 04, 4, 04, 4, 04, 'ERROR   ', '44', 'AUTH', 'DIRECT', 'Error',    104, 'TRY', 'API', 'customData 43', 'chain 43', null, 0, '2043-07-16 07:43:00', '2043-07-16 07:43:00', null);
INSERT INTO transactions (id, transactionId, referenceNo, ipnTransactionId, fxTransactionId, merchantId, customerInfoId, agentInfoId, acquirerTransactionId, status, code, type, operation, message, amount, currency, channel, customData, chainId, returnUrl, refundable, createdAt, updatedAt, deletedAt) VALUES (44, 'transaction_44', 'reference_44', 1, 05, 1, 05, 1, 05, 'ERROR   ', '44', 'AUTH', 'DIRECT', 'Error',    105, 'TRY', 'API', 'customData 44', 'chain 44', null, 0, '2044-07-17 07:44:00', '2044-07-17 07:44:00', null);
INSERT INTO transactions (id, transactionId, referenceNo, ipnTransactionId, fxTransactionId, merchantId, customerInfoId, agentInfoId, acquirerTransactionId, status, code, type, operation, message, amount, currency, channel, customData, chainId, returnUrl, refundable, createdAt, updatedAt, deletedAt) VALUES (45, 'transaction_45', 'reference_45', 2, 06, 2, 06, 2, 06, 'ERROR   ', '44', 'AUTH', 'DIRECT', 'Error',    106, 'TRY', 'API', 'customData 45', 'chain 45', null, 0, '2045-07-18 07:45:00', '2045-07-18 07:45:00', null);
INSERT INTO transactions (id, transactionId, referenceNo, ipnTransactionId, fxTransactionId, merchantId, customerInfoId, agentInfoId, acquirerTransactionId, status, code, type, operation, message, amount, currency, channel, customData, chainId, returnUrl, refundable, createdAt, updatedAt, deletedAt) VALUES (46, 'transaction_46', 'reference_46', 3, 07, 3, 07, 3, 07, 'ERROR   ', '44', 'AUTH', 'DIRECT', 'Error',    107, 'TRY', 'API', 'customData 46', 'chain 46', null, 0, '2046-07-19 07:46:00', '2046-07-19 07:46:00', null);
INSERT INTO transactions (id, transactionId, referenceNo, ipnTransactionId, fxTransactionId, merchantId, customerInfoId, agentInfoId, acquirerTransactionId, status, code, type, operation, message, amount, currency, channel, customData, chainId, returnUrl, refundable, createdAt, updatedAt, deletedAt) VALUES (47, 'transaction_47', 'reference_47', 4, 08, 4, 08, 4, 08, 'ERROR   ', '44', 'AUTH', 'DIRECT', 'Error',    108, 'USD', 'API', 'customData 47', 'chain 47', null, 0, '2047-07-20 07:47:00', '2047-07-20 07:47:00', null);
INSERT INTO transactions (id, transactionId, referenceNo, ipnTransactionId, fxTransactionId, merchantId, customerInfoId, agentInfoId, acquirerTransactionId, status, code, type, operation, message, amount, currency, channel, customData, chainId, returnUrl, refundable, createdAt, updatedAt, deletedAt) VALUES (48, 'transaction_48', 'reference_48', 1, 09, 1, 09, 1, 09, 'ERROR   ', '44', 'AUTH', 'DIRECT', 'Error',    109, 'EUR', 'API', 'customData 48', 'chain 48', null, 0, '2048-07-21 07:48:00', '2048-07-21 07:48:00', null);
INSERT INTO transactions (id, transactionId, referenceNo, ipnTransactionId, fxTransactionId, merchantId, customerInfoId, agentInfoId, acquirerTransactionId, status, code, type, operation, message, amount, currency, channel, customData, chainId, returnUrl, refundable, createdAt, updatedAt, deletedAt) VALUES (49, 'transaction_49', 'reference_49', 2, 10, 2, 10, 2, 10, 'ERROR   ', '44', 'AUTH', 'DIRECT', 'Error',    110, 'EUR', 'API', 'customData 49', 'chain 49', null, 0, '2049-07-22 07:49:00', '2049-07-22 07:49:00', null);
INSERT INTO transactions (id, transactionId, referenceNo, ipnTransactionId, fxTransactionId, merchantId, customerInfoId, agentInfoId, acquirerTransactionId, status, code, type, operation, message, amount, currency, channel, customData, chainId, returnUrl, refundable, createdAt, updatedAt, deletedAt) VALUES (50, 'transaction_50', 'reference_50', 3, 03, 3, 07, 3, 11, 'ERROR   ', '44', 'AUTH', 'DIRECT', 'Error',    103, 'USD', 'API', 'customData 50', 'chain 50', null, 0, '2050-07-23 07:50:00', '2050-07-23 07:50:00', null);
INSERT INTO transactions (id, transactionId, referenceNo, ipnTransactionId, fxTransactionId, merchantId, customerInfoId, agentInfoId, acquirerTransactionId, status, code, type, operation, message, amount, currency, channel, customData, chainId, returnUrl, refundable, createdAt, updatedAt, deletedAt) VALUES (51, 'transaction_51', 'reference_51', 2, 02, 2, 02, 2, 02, 'APPROVED', '22', 'AUTH', 'STORED', 'Approved', 102, 'EUR', 'API', 'customData 51', 'chain 51', null, 0, '2051-07-14 07:51:00', '2051-07-14 07:51:00', null);
INSERT INTO transactions (id, transactionId, referenceNo, ipnTransactionId, fxTransactionId, merchantId, customerInfoId, agentInfoId, acquirerTransactionId, status, code, type, operation, message, amount, currency, channel, customData, chainId, returnUrl, refundable, createdAt, updatedAt, deletedAt) VALUES (52, 'transaction_52', 'reference_52', 3, 03, 3, 03, 3, 03, 'APPROVED', '22', 'AUTH', 'STORED', 'Approved', 103, 'USD', 'API', 'customData 52', 'chain 52', null, 0, '2052-07-15 07:52:00', '2052-07-15 07:52:00', null);
INSERT INTO transactions (id, transactionId, referenceNo, ipnTransactionId, fxTransactionId, merchantId, customerInfoId, agentInfoId, acquirerTransactionId, status, code, type, operation, message, amount, currency, channel, customData, chainId, returnUrl, refundable, createdAt, updatedAt, deletedAt) VALUES (53, 'transaction_53', 'reference_53', 4, 04, 4, 04, 4, 04, 'APPROVED', '22', 'AUTH', 'STORED', 'Approved', 104, 'TRY', 'API', 'customData 53', 'chain 53', null, 0, '2053-07-16 07:53:00', '2053-07-16 07:53:00', null);
INSERT INTO transactions (id, transactionId, referenceNo, ipnTransactionId, fxTransactionId, merchantId, customerInfoId, agentInfoId, acquirerTransactionId, status, code, type, operation, message, amount, currency, channel, customData, chainId, returnUrl, refundable, createdAt, updatedAt, deletedAt) VALUES (54, 'transaction_54', 'reference_54', 1, 05, 1, 05, 1, 05, 'APPROVED', '22', 'AUTH', 'STORED', 'Approved', 105, 'TRY', 'API', 'customData 54', 'chain 54', null, 0, '2054-07-17 07:54:00', '2054-07-17 07:54:00', null);
INSERT INTO transactions (id, transactionId, referenceNo, ipnTransactionId, fxTransactionId, merchantId, customerInfoId, agentInfoId, acquirerTransactionId, status, code, type, operation, message, amount, currency, channel, customData, chainId, returnUrl, refundable, createdAt, updatedAt, deletedAt) VALUES (55, 'transaction_55', 'reference_55', 2, 06, 2, 06, 2, 06, 'APPROVED', '22', 'AUTH', 'STORED', 'Approved', 106, 'TRY', 'API', 'customData 55', 'chain 55', null, 0, '2055-07-18 07:55:00', '2055-07-18 07:55:00', null);
INSERT INTO transactions (id, transactionId, referenceNo, ipnTransactionId, fxTransactionId, merchantId, customerInfoId, agentInfoId, acquirerTransactionId, status, code, type, operation, message, amount, currency, channel, customData, chainId, returnUrl, refundable, createdAt, updatedAt, deletedAt) VALUES (56, 'transaction_56', 'reference_56', 3, 07, 3, 07, 3, 07, 'APPROVED', '22', 'AUTH', 'STORED', 'Approved', 107, 'TRY', 'API', 'customData 56', 'chain 56', null, 0, '2056-07-19 07:56:00', '2056-07-19 07:56:00', null);
INSERT INTO transactions (id, transactionId, referenceNo, ipnTransactionId, fxTransactionId, merchantId, customerInfoId, agentInfoId, acquirerTransactionId, status, code, type, operation, message, amount, currency, channel, customData, chainId, returnUrl, refundable, createdAt, updatedAt, deletedAt) VALUES (57, 'transaction_57', 'reference_57', 4, 08, 4, 08, 4, 08, 'APPROVED', '22', 'AUTH', 'STORED', 'Approved', 108, 'USD', 'API', 'customData 57', 'chain 57', null, 0, '2057-07-20 07:57:00', '2057-07-20 07:57:00', null);
INSERT INTO transactions (id, transactionId, referenceNo, ipnTransactionId, fxTransactionId, merchantId, customerInfoId, agentInfoId, acquirerTransactionId, status, code, type, operation, message, amount, currency, channel, customData, chainId, returnUrl, refundable, createdAt, updatedAt, deletedAt) VALUES (58, 'transaction_58', 'reference_58', 1, 09, 1, 09, 1, 09, 'APPROVED', '22', 'AUTH', 'STORED', 'Approved', 109, 'EUR', 'API', 'customData 58', 'chain 58', null, 0, '2058-07-21 07:58:00', '2058-07-21 07:58:00', null);
INSERT INTO transactions (id, transactionId, referenceNo, ipnTransactionId, fxTransactionId, merchantId, customerInfoId, agentInfoId, acquirerTransactionId, status, code, type, operation, message, amount, currency, channel, customData, chainId, returnUrl, refundable, createdAt, updatedAt, deletedAt) VALUES (59, 'transaction_59', 'reference_59', 2, 10, 2, 10, 2, 10, 'APPROVED', '22', 'AUTH', 'STORED', 'Approved', 110, 'EUR', 'API', 'customData 59', 'chain 59', null, 0, '2059-07-22 07:59:00', '2059-07-22 07:59:00', null);
INSERT INTO transactions (id, transactionId, referenceNo, ipnTransactionId, fxTransactionId, merchantId, customerInfoId, agentInfoId, acquirerTransactionId, status, code, type, operation, message, amount, currency, channel, customData, chainId, returnUrl, refundable, createdAt, updatedAt, deletedAt) VALUES (60, 'transaction_60', 'reference_60', 3, 03, 3, 07, 3, 11, 'APPROVED', '22', 'AUTH', 'STORED', 'Approved', 103, 'USD', 'API', 'customData 60', 'chain 60', null, 0, '2060-07-23 07:00:00', '2060-07-23 07:00:00', null);

INSERT INTO transactions (id, transactionId, referenceNo, ipnTransactionId, fxTransactionId, merchantId, customerInfoId, agentInfoId, acquirerTransactionId, status, code, type, operation, message, amount, currency, channel, customData, chainId, returnUrl, refundable, createdAt, updatedAt, deletedAt) VALUES ( 61, 'transaction__61', 'reference__61', 2, 02, 2, 02, 2, 02, 'ERROR   ', '61', 'AUTH', 'DIRECT', 'Error',    102, 'EUR', 'API', 'customData  61', 'chain  61', null, 0, '1961-07-14 07:41:00', '1961-07-14 07:41:00', null);
INSERT INTO transactions (id, transactionId, referenceNo, ipnTransactionId, fxTransactionId, merchantId, customerInfoId, agentInfoId, acquirerTransactionId, status, code, type, operation, message, amount, currency, channel, customData, chainId, returnUrl, refundable, createdAt, updatedAt, deletedAt) VALUES ( 62, 'transaction__62', 'reference__62', 3, 03, 3, 03, 3, 03, 'ERROR   ', '62', 'AUTH', 'DIRECT', 'Error',    103, 'USD', 'API', 'customData  62', 'chain  62', null, 0, '1962-07-15 07:42:00', '1962-07-15 07:42:00', null);
INSERT INTO transactions (id, transactionId, referenceNo, ipnTransactionId, fxTransactionId, merchantId, customerInfoId, agentInfoId, acquirerTransactionId, status, code, type, operation, message, amount, currency, channel, customData, chainId, returnUrl, refundable, createdAt, updatedAt, deletedAt) VALUES ( 63, 'transaction__63', 'reference__63', 4, 04, 4, 04, 4, 04, 'ERROR   ', '63', 'AUTH', 'DIRECT', 'Error',    104, 'TRY', 'API', 'customData  63', 'chain  63', null, 0, '1963-07-16 07:43:00', '1963-07-16 07:43:00', null);
INSERT INTO transactions (id, transactionId, referenceNo, ipnTransactionId, fxTransactionId, merchantId, customerInfoId, agentInfoId, acquirerTransactionId, status, code, type, operation, message, amount, currency, channel, customData, chainId, returnUrl, refundable, createdAt, updatedAt, deletedAt) VALUES ( 64, 'transaction__64', 'reference__64', 1, 05, 1, 05, 1, 05, 'ERROR   ', '64', 'AUTH', 'DIRECT', 'Error',    105, 'TRY', 'API', 'customData  64', 'chain  64', null, 0, '1964-07-17 07:44:00', '1964-07-17 07:44:00', null);
INSERT INTO transactions (id, transactionId, referenceNo, ipnTransactionId, fxTransactionId, merchantId, customerInfoId, agentInfoId, acquirerTransactionId, status, code, type, operation, message, amount, currency, channel, customData, chainId, returnUrl, refundable, createdAt, updatedAt, deletedAt) VALUES ( 65, 'transaction__65', 'reference__65', 2, 06, 2, 06, 2, 06, 'ERROR   ', '65', 'AUTH', 'DIRECT', 'Error',    106, 'TRY', 'API', 'customData  65', 'chain  65', null, 0, '1965-07-18 07:45:00', '1965-07-18 07:45:00', null);
INSERT INTO transactions (id, transactionId, referenceNo, ipnTransactionId, fxTransactionId, merchantId, customerInfoId, agentInfoId, acquirerTransactionId, status, code, type, operation, message, amount, currency, channel, customData, chainId, returnUrl, refundable, createdAt, updatedAt, deletedAt) VALUES ( 66, 'transaction__66', 'reference__66', 3, 07, 3, 07, 3, 07, 'ERROR   ', '66', 'AUTH', 'DIRECT', 'Error',    107, 'TRY', 'API', 'customData  66', 'chain  66', null, 0, '1966-07-19 07:46:00', '1966-07-19 07:46:00', null);
INSERT INTO transactions (id, transactionId, referenceNo, ipnTransactionId, fxTransactionId, merchantId, customerInfoId, agentInfoId, acquirerTransactionId, status, code, type, operation, message, amount, currency, channel, customData, chainId, returnUrl, refundable, createdAt, updatedAt, deletedAt) VALUES ( 67, 'transaction__67', 'reference__67', 4, 08, 4, 08, 4, 08, 'ERROR   ', '67', 'AUTH', 'DIRECT', 'Error',    108, 'USD', 'API', 'customData  67', 'chain  67', null, 0, '1967-07-20 07:47:00', '1967-07-20 07:47:00', null);
INSERT INTO transactions (id, transactionId, referenceNo, ipnTransactionId, fxTransactionId, merchantId, customerInfoId, agentInfoId, acquirerTransactionId, status, code, type, operation, message, amount, currency, channel, customData, chainId, returnUrl, refundable, createdAt, updatedAt, deletedAt) VALUES ( 68, 'transaction__68', 'reference__68', 1, 09, 1, 09, 1, 09, 'ERROR   ', '68', 'AUTH', 'DIRECT', 'Error',    109, 'EUR', 'API', 'customData  68', 'chain  68', null, 0, '1968-07-21 07:48:00', '1968-07-21 07:48:00', null);
INSERT INTO transactions (id, transactionId, referenceNo, ipnTransactionId, fxTransactionId, merchantId, customerInfoId, agentInfoId, acquirerTransactionId, status, code, type, operation, message, amount, currency, channel, customData, chainId, returnUrl, refundable, createdAt, updatedAt, deletedAt) VALUES ( 69, 'transaction__69', 'reference__69', 2, 10, 2, 10, 2, 10, 'ERROR   ', '69', 'AUTH', 'DIRECT', 'Error',    110, 'EUR', 'API', 'customData  69', 'chain  69', null, 0, '1969-07-22 07:49:00', '1969-07-22 07:49:00', null);
INSERT INTO transactions (id, transactionId, referenceNo, ipnTransactionId, fxTransactionId, merchantId, customerInfoId, agentInfoId, acquirerTransactionId, status, code, type, operation, message, amount, currency, channel, customData, chainId, returnUrl, refundable, createdAt, updatedAt, deletedAt) VALUES ( 70, 'transaction__70', 'reference__70', 3, 03, 3, 07, 3, 11, 'ERROR   ', '60', 'AUTH', 'DIRECT', 'Error',    103, 'USD', 'API', 'customData  70', 'chain  70', null, 0, '1970-07-23 07:50:00', '1970-07-23 07:50:00', null);
INSERT INTO transactions (id, transactionId, referenceNo, ipnTransactionId, fxTransactionId, merchantId, customerInfoId, agentInfoId, acquirerTransactionId, status, code, type, operation, message, amount, currency, channel, customData, chainId, returnUrl, refundable, createdAt, updatedAt, deletedAt) VALUES ( 71, 'transaction__71', 'reference__71', 2, 02, 2, 02, 2, 02, 'ERROR   ', '61', 'AUTH', 'DIRECT', 'Error',    102, 'EUR', 'API', 'customData  71', 'chain  71', null, 0, '1971-07-14 07:41:00', '1971-07-14 07:41:00', null);
INSERT INTO transactions (id, transactionId, referenceNo, ipnTransactionId, fxTransactionId, merchantId, customerInfoId, agentInfoId, acquirerTransactionId, status, code, type, operation, message, amount, currency, channel, customData, chainId, returnUrl, refundable, createdAt, updatedAt, deletedAt) VALUES ( 72, 'transaction__72', 'reference__72', 3, 03, 3, 03, 3, 03, 'ERROR   ', '62', 'AUTH', 'DIRECT', 'Error',    103, 'USD', 'API', 'customData  72', 'chain  72', null, 0, '1972-07-15 07:42:00', '1972-07-15 07:42:00', null);
INSERT INTO transactions (id, transactionId, referenceNo, ipnTransactionId, fxTransactionId, merchantId, customerInfoId, agentInfoId, acquirerTransactionId, status, code, type, operation, message, amount, currency, channel, customData, chainId, returnUrl, refundable, createdAt, updatedAt, deletedAt) VALUES ( 73, 'transaction__73', 'reference__73', 4, 04, 4, 04, 4, 04, 'ERROR   ', '63', 'AUTH', 'DIRECT', 'Error',    104, 'TRY', 'API', 'customData  73', 'chain  73', null, 0, '1973-07-16 07:43:00', '1973-07-16 07:43:00', null);
INSERT INTO transactions (id, transactionId, referenceNo, ipnTransactionId, fxTransactionId, merchantId, customerInfoId, agentInfoId, acquirerTransactionId, status, code, type, operation, message, amount, currency, channel, customData, chainId, returnUrl, refundable, createdAt, updatedAt, deletedAt) VALUES ( 74, 'transaction__74', 'reference__74', 1, 05, 1, 05, 1, 05, 'ERROR   ', '64', 'AUTH', 'DIRECT', 'Error',    105, 'TRY', 'API', 'customData  74', 'chain  74', null, 0, '1974-07-17 07:44:00', '1974-07-17 07:44:00', null);
INSERT INTO transactions (id, transactionId, referenceNo, ipnTransactionId, fxTransactionId, merchantId, customerInfoId, agentInfoId, acquirerTransactionId, status, code, type, operation, message, amount, currency, channel, customData, chainId, returnUrl, refundable, createdAt, updatedAt, deletedAt) VALUES ( 75, 'transaction__75', 'reference__75', 2, 06, 2, 06, 2, 06, 'ERROR   ', '65', 'AUTH', 'DIRECT', 'Error',    106, 'TRY', 'API', 'customData  75', 'chain  75', null, 0, '1975-07-18 07:45:00', '1975-07-18 07:45:00', null);
INSERT INTO transactions (id, transactionId, referenceNo, ipnTransactionId, fxTransactionId, merchantId, customerInfoId, agentInfoId, acquirerTransactionId, status, code, type, operation, message, amount, currency, channel, customData, chainId, returnUrl, refundable, createdAt, updatedAt, deletedAt) VALUES ( 76, 'transaction__76', 'reference__76', 3, 07, 3, 07, 3, 07, 'ERROR   ', '66', 'AUTH', 'DIRECT', 'Error',    107, 'TRY', 'API', 'customData  76', 'chain  76', null, 0, '1976-07-19 07:46:00', '1976-07-19 07:46:00', null);
INSERT INTO transactions (id, transactionId, referenceNo, ipnTransactionId, fxTransactionId, merchantId, customerInfoId, agentInfoId, acquirerTransactionId, status, code, type, operation, message, amount, currency, channel, customData, chainId, returnUrl, refundable, createdAt, updatedAt, deletedAt) VALUES ( 77, 'transaction__77', 'reference__77', 4, 08, 4, 08, 4, 08, 'ERROR   ', '67', 'AUTH', 'DIRECT', 'Error',    108, 'USD', 'API', 'customData  77', 'chain  77', null, 0, '1977-07-20 07:47:00', '1977-07-20 07:47:00', null);
INSERT INTO transactions (id, transactionId, referenceNo, ipnTransactionId, fxTransactionId, merchantId, customerInfoId, agentInfoId, acquirerTransactionId, status, code, type, operation, message, amount, currency, channel, customData, chainId, returnUrl, refundable, createdAt, updatedAt, deletedAt) VALUES ( 78, 'transaction__78', 'reference__78', 1, 09, 1, 09, 1, 09, 'ERROR   ', '68', 'AUTH', 'DIRECT', 'Error',    109, 'EUR', 'API', 'customData  78', 'chain  78', null, 0, '1978-07-21 07:48:00', '1978-07-21 07:48:00', null);
INSERT INTO transactions (id, transactionId, referenceNo, ipnTransactionId, fxTransactionId, merchantId, customerInfoId, agentInfoId, acquirerTransactionId, status, code, type, operation, message, amount, currency, channel, customData, chainId, returnUrl, refundable, createdAt, updatedAt, deletedAt) VALUES ( 79, 'transaction__79', 'reference__79', 2, 10, 2, 10, 2, 10, 'ERROR   ', '69', 'AUTH', 'DIRECT', 'Error',    110, 'EUR', 'API', 'customData  79', 'chain  79', null, 0, '1979-07-22 07:49:00', '1979-07-22 07:49:00', null);
INSERT INTO transactions (id, transactionId, referenceNo, ipnTransactionId, fxTransactionId, merchantId, customerInfoId, agentInfoId, acquirerTransactionId, status, code, type, operation, message, amount, currency, channel, customData, chainId, returnUrl, refundable, createdAt, updatedAt, deletedAt) VALUES ( 80, 'transaction__80', 'reference__80', 3, 03, 3, 07, 3, 11, 'ERROR   ', '60', 'AUTH', 'DIRECT', 'Error',    103, 'USD', 'API', 'customData  80', 'chain  80', null, 0, '1980-07-23 07:50:00', '1980-07-23 07:50:00', null);
INSERT INTO transactions (id, transactionId, referenceNo, ipnTransactionId, fxTransactionId, merchantId, customerInfoId, agentInfoId, acquirerTransactionId, status, code, type, operation, message, amount, currency, channel, customData, chainId, returnUrl, refundable, createdAt, updatedAt, deletedAt) VALUES ( 81, 'transaction__81', 'reference__81', 2, 02, 2, 02, 2, 02, 'ERROR   ', '61', 'AUTH', 'DIRECT', 'Error',    102, 'EUR', 'API', 'customData  81', 'chain  81', null, 0, '1981-07-14 07:41:00', '1981-07-14 07:41:00', null);
INSERT INTO transactions (id, transactionId, referenceNo, ipnTransactionId, fxTransactionId, merchantId, customerInfoId, agentInfoId, acquirerTransactionId, status, code, type, operation, message, amount, currency, channel, customData, chainId, returnUrl, refundable, createdAt, updatedAt, deletedAt) VALUES ( 82, 'transaction__82', 'reference__82', 3, 03, 3, 03, 3, 03, 'ERROR   ', '62', 'AUTH', 'DIRECT', 'Error',    103, 'USD', 'API', 'customData  82', 'chain  82', null, 0, '1982-07-15 07:42:00', '1982-07-15 07:42:00', null);
INSERT INTO transactions (id, transactionId, referenceNo, ipnTransactionId, fxTransactionId, merchantId, customerInfoId, agentInfoId, acquirerTransactionId, status, code, type, operation, message, amount, currency, channel, customData, chainId, returnUrl, refundable, createdAt, updatedAt, deletedAt) VALUES ( 83, 'transaction__83', 'reference__83', 4, 04, 4, 04, 4, 04, 'ERROR   ', '63', 'AUTH', 'DIRECT', 'Error',    104, 'TRY', 'API', 'customData  83', 'chain  83', null, 0, '1983-07-16 07:43:00', '1983-07-16 07:43:00', null);
INSERT INTO transactions (id, transactionId, referenceNo, ipnTransactionId, fxTransactionId, merchantId, customerInfoId, agentInfoId, acquirerTransactionId, status, code, type, operation, message, amount, currency, channel, customData, chainId, returnUrl, refundable, createdAt, updatedAt, deletedAt) VALUES ( 84, 'transaction__84', 'reference__84', 1, 05, 1, 05, 1, 05, 'ERROR   ', '64', 'AUTH', 'DIRECT', 'Error',    105, 'TRY', 'API', 'customData  84', 'chain  84', null, 0, '1984-07-17 07:44:00', '1984-07-17 07:44:00', null);
INSERT INTO transactions (id, transactionId, referenceNo, ipnTransactionId, fxTransactionId, merchantId, customerInfoId, agentInfoId, acquirerTransactionId, status, code, type, operation, message, amount, currency, channel, customData, chainId, returnUrl, refundable, createdAt, updatedAt, deletedAt) VALUES ( 85, 'transaction__85', 'reference__85', 2, 06, 2, 06, 2, 06, 'ERROR   ', '65', 'AUTH', 'DIRECT', 'Error',    106, 'TRY', 'API', 'customData  85', 'chain  85', null, 0, '1985-07-18 07:45:00', '1985-07-18 07:45:00', null);
INSERT INTO transactions (id, transactionId, referenceNo, ipnTransactionId, fxTransactionId, merchantId, customerInfoId, agentInfoId, acquirerTransactionId, status, code, type, operation, message, amount, currency, channel, customData, chainId, returnUrl, refundable, createdAt, updatedAt, deletedAt) VALUES ( 86, 'transaction__86', 'reference__86', 3, 07, 3, 07, 3, 07, 'ERROR   ', '66', 'AUTH', 'DIRECT', 'Error',    107, 'TRY', 'API', 'customData  86', 'chain  86', null, 0, '1986-07-19 07:46:00', '1986-07-19 07:46:00', null);
INSERT INTO transactions (id, transactionId, referenceNo, ipnTransactionId, fxTransactionId, merchantId, customerInfoId, agentInfoId, acquirerTransactionId, status, code, type, operation, message, amount, currency, channel, customData, chainId, returnUrl, refundable, createdAt, updatedAt, deletedAt) VALUES ( 87, 'transaction__87', 'reference__87', 4, 08, 4, 08, 4, 08, 'ERROR   ', '67', 'AUTH', 'DIRECT', 'Error',    108, 'USD', 'API', 'customData  87', 'chain  87', null, 0, '1987-07-20 07:47:00', '1987-07-20 07:47:00', null);
INSERT INTO transactions (id, transactionId, referenceNo, ipnTransactionId, fxTransactionId, merchantId, customerInfoId, agentInfoId, acquirerTransactionId, status, code, type, operation, message, amount, currency, channel, customData, chainId, returnUrl, refundable, createdAt, updatedAt, deletedAt) VALUES ( 88, 'transaction__88', 'reference__88', 1, 09, 1, 09, 1, 09, 'ERROR   ', '68', 'AUTH', 'DIRECT', 'Error',    109, 'EUR', 'API', 'customData  88', 'chain  88', null, 0, '1988-07-21 07:48:00', '1988-07-21 07:48:00', null);
INSERT INTO transactions (id, transactionId, referenceNo, ipnTransactionId, fxTransactionId, merchantId, customerInfoId, agentInfoId, acquirerTransactionId, status, code, type, operation, message, amount, currency, channel, customData, chainId, returnUrl, refundable, createdAt, updatedAt, deletedAt) VALUES ( 89, 'transaction__89', 'reference__89', 2, 10, 2, 10, 2, 10, 'ERROR   ', '69', 'AUTH', 'DIRECT', 'Error',    110, 'EUR', 'API', 'customData  89', 'chain  89', null, 0, '1989-07-22 07:49:00', '1989-07-22 07:49:00', null);
INSERT INTO transactions (id, transactionId, referenceNo, ipnTransactionId, fxTransactionId, merchantId, customerInfoId, agentInfoId, acquirerTransactionId, status, code, type, operation, message, amount, currency, channel, customData, chainId, returnUrl, refundable, createdAt, updatedAt, deletedAt) VALUES ( 90, 'transaction__90', 'reference__90', 3, 03, 3, 07, 3, 11, 'ERROR   ', '60', 'AUTH', 'DIRECT', 'Error',    103, 'USD', 'API', 'customData  90', 'chain  90', null, 0, '1990-07-23 07:50:00', '1990-07-23 07:50:00', null);
INSERT INTO transactions (id, transactionId, referenceNo, ipnTransactionId, fxTransactionId, merchantId, customerInfoId, agentInfoId, acquirerTransactionId, status, code, type, operation, message, amount, currency, channel, customData, chainId, returnUrl, refundable, createdAt, updatedAt, deletedAt) VALUES ( 91, 'transaction__91', 'reference__91', 2, 02, 2, 02, 2, 02, 'ERROR   ', '61', 'AUTH', 'DIRECT', 'Error',    102, 'EUR', 'API', 'customData  91', 'chain  91', null, 0, '1991-07-14 07:41:00', '1991-07-14 07:41:00', null);
INSERT INTO transactions (id, transactionId, referenceNo, ipnTransactionId, fxTransactionId, merchantId, customerInfoId, agentInfoId, acquirerTransactionId, status, code, type, operation, message, amount, currency, channel, customData, chainId, returnUrl, refundable, createdAt, updatedAt, deletedAt) VALUES ( 92, 'transaction__92', 'reference__92', 3, 03, 3, 03, 3, 03, 'ERROR   ', '62', 'AUTH', 'DIRECT', 'Error',    103, 'USD', 'API', 'customData  92', 'chain  92', null, 0, '1992-07-15 07:42:00', '1992-07-15 07:42:00', null);
INSERT INTO transactions (id, transactionId, referenceNo, ipnTransactionId, fxTransactionId, merchantId, customerInfoId, agentInfoId, acquirerTransactionId, status, code, type, operation, message, amount, currency, channel, customData, chainId, returnUrl, refundable, createdAt, updatedAt, deletedAt) VALUES ( 93, 'transaction__93', 'reference__93', 4, 04, 4, 04, 4, 04, 'ERROR   ', '63', 'AUTH', 'DIRECT', 'Error',    104, 'TRY', 'API', 'customData  93', 'chain  93', null, 0, '1993-07-16 07:43:00', '1993-07-16 07:43:00', null);
INSERT INTO transactions (id, transactionId, referenceNo, ipnTransactionId, fxTransactionId, merchantId, customerInfoId, agentInfoId, acquirerTransactionId, status, code, type, operation, message, amount, currency, channel, customData, chainId, returnUrl, refundable, createdAt, updatedAt, deletedAt) VALUES ( 94, 'transaction__94', 'reference__94', 1, 05, 1, 05, 1, 05, 'ERROR   ', '64', 'AUTH', 'DIRECT', 'Error',    105, 'TRY', 'API', 'customData  94', 'chain  94', null, 0, '1994-07-17 07:44:00', '1994-07-17 07:44:00', null);
INSERT INTO transactions (id, transactionId, referenceNo, ipnTransactionId, fxTransactionId, merchantId, customerInfoId, agentInfoId, acquirerTransactionId, status, code, type, operation, message, amount, currency, channel, customData, chainId, returnUrl, refundable, createdAt, updatedAt, deletedAt) VALUES ( 95, 'transaction__95', 'reference__95', 2, 06, 2, 06, 2, 06, 'ERROR   ', '65', 'AUTH', 'DIRECT', 'Error',    106, 'TRY', 'API', 'customData  95', 'chain  95', null, 0, '1995-07-18 07:45:00', '1995-07-18 07:45:00', null);
INSERT INTO transactions (id, transactionId, referenceNo, ipnTransactionId, fxTransactionId, merchantId, customerInfoId, agentInfoId, acquirerTransactionId, status, code, type, operation, message, amount, currency, channel, customData, chainId, returnUrl, refundable, createdAt, updatedAt, deletedAt) VALUES ( 96, 'transaction__96', 'reference__96', 3, 07, 3, 07, 3, 07, 'ERROR   ', '66', 'AUTH', 'DIRECT', 'Error',    107, 'TRY', 'API', 'customData  96', 'chain  96', null, 0, '1996-07-19 07:46:00', '1996-07-19 07:46:00', null);
INSERT INTO transactions (id, transactionId, referenceNo, ipnTransactionId, fxTransactionId, merchantId, customerInfoId, agentInfoId, acquirerTransactionId, status, code, type, operation, message, amount, currency, channel, customData, chainId, returnUrl, refundable, createdAt, updatedAt, deletedAt) VALUES ( 97, 'transaction__97', 'reference__97', 4, 08, 4, 08, 4, 08, 'ERROR   ', '67', 'AUTH', 'DIRECT', 'Error',    108, 'USD', 'API', 'customData  97', 'chain  97', null, 0, '1997-07-20 07:47:00', '1997-07-20 07:47:00', null);
INSERT INTO transactions (id, transactionId, referenceNo, ipnTransactionId, fxTransactionId, merchantId, customerInfoId, agentInfoId, acquirerTransactionId, status, code, type, operation, message, amount, currency, channel, customData, chainId, returnUrl, refundable, createdAt, updatedAt, deletedAt) VALUES ( 98, 'transaction__98', 'reference__98', 1, 09, 1, 09, 1, 09, 'ERROR   ', '68', 'AUTH', 'DIRECT', 'Error',    109, 'EUR', 'API', 'customData  98', 'chain  98', null, 0, '1998-07-21 07:48:00', '1998-07-21 07:48:00', null);
INSERT INTO transactions (id, transactionId, referenceNo, ipnTransactionId, fxTransactionId, merchantId, customerInfoId, agentInfoId, acquirerTransactionId, status, code, type, operation, message, amount, currency, channel, customData, chainId, returnUrl, refundable, createdAt, updatedAt, deletedAt) VALUES ( 99, 'transaction__99', 'reference__99', 2, 10, 2, 10, 2, 10, 'ERROR   ', '69', 'AUTH', 'DIRECT', 'Error',    110, 'EUR', 'API', 'customData  99', 'chain  99', null, 0, '1999-07-22 07:49:00', '1999-07-22 07:49:00', null);
INSERT INTO transactions (id, transactionId, referenceNo, ipnTransactionId, fxTransactionId, merchantId, customerInfoId, agentInfoId, acquirerTransactionId, status, code, type, operation, message, amount, currency, channel, customData, chainId, returnUrl, refundable, createdAt, updatedAt, deletedAt) VALUES (100, 'transaction_100', 'reference_100', 3, 03, 3, 07, 3, 11, 'ERROR   ', '60', 'AUTH', 'DIRECT', 'Error',    103, 'USD', 'API', 'customData 100', 'chain 100', null, 0, '1900-07-23 07:50:00', '1900-07-23 07:50:00', null);
INSERT INTO transactions (id, transactionId, referenceNo, ipnTransactionId, fxTransactionId, merchantId, customerInfoId, agentInfoId, acquirerTransactionId, status, code, type, operation, message, amount, currency, channel, customData, chainId, returnUrl, refundable, createdAt, updatedAt, deletedAt) VALUES (101, 'transaction_101', 'reference_101', 2, 02, 2, 02, 2, 02, 'ERROR   ', '61', 'AUTH', 'DIRECT', 'Error',    102, 'EUR', 'API', 'customData 101', 'chain 101', null, 0, '1901-07-14 07:41:00', '1901-07-14 07:41:00', null);
INSERT INTO transactions (id, transactionId, referenceNo, ipnTransactionId, fxTransactionId, merchantId, customerInfoId, agentInfoId, acquirerTransactionId, status, code, type, operation, message, amount, currency, channel, customData, chainId, returnUrl, refundable, createdAt, updatedAt, deletedAt) VALUES (102, 'transaction_102', 'reference_102', 3, 03, 3, 03, 3, 03, 'ERROR   ', '62', 'AUTH', 'DIRECT', 'Error',    103, 'USD', 'API', 'customData 102', 'chain 102', null, 0, '1902-07-15 07:42:00', '1902-07-15 07:42:00', null);
INSERT INTO transactions (id, transactionId, referenceNo, ipnTransactionId, fxTransactionId, merchantId, customerInfoId, agentInfoId, acquirerTransactionId, status, code, type, operation, message, amount, currency, channel, customData, chainId, returnUrl, refundable, createdAt, updatedAt, deletedAt) VALUES (103, 'transaction_103', 'reference_103', 4, 04, 4, 04, 4, 04, 'ERROR   ', '63', 'AUTH', 'DIRECT', 'Error',    104, 'TRY', 'API', 'customData 103', 'chain 103', null, 0, '1903-07-16 07:43:00', '1903-07-16 07:43:00', null);
INSERT INTO transactions (id, transactionId, referenceNo, ipnTransactionId, fxTransactionId, merchantId, customerInfoId, agentInfoId, acquirerTransactionId, status, code, type, operation, message, amount, currency, channel, customData, chainId, returnUrl, refundable, createdAt, updatedAt, deletedAt) VALUES (104, 'transaction_104', 'reference_104', 1, 05, 1, 05, 1, 05, 'ERROR   ', '64', 'AUTH', 'DIRECT', 'Error',    105, 'TRY', 'API', 'customData 104', 'chain 104', null, 0, '1904-07-17 07:44:00', '1904-07-17 07:44:00', null);
INSERT INTO transactions (id, transactionId, referenceNo, ipnTransactionId, fxTransactionId, merchantId, customerInfoId, agentInfoId, acquirerTransactionId, status, code, type, operation, message, amount, currency, channel, customData, chainId, returnUrl, refundable, createdAt, updatedAt, deletedAt) VALUES (105, 'transaction_105', 'reference_105', 2, 06, 2, 06, 2, 06, 'ERROR   ', '65', 'AUTH', 'DIRECT', 'Error',    106, 'TRY', 'API', 'customData 105', 'chain 105', null, 0, '1905-07-18 07:45:00', '1905-07-18 07:45:00', null);
INSERT INTO transactions (id, transactionId, referenceNo, ipnTransactionId, fxTransactionId, merchantId, customerInfoId, agentInfoId, acquirerTransactionId, status, code, type, operation, message, amount, currency, channel, customData, chainId, returnUrl, refundable, createdAt, updatedAt, deletedAt) VALUES (106, 'transaction_106', 'reference_106', 3, 07, 3, 07, 3, 07, 'ERROR   ', '66', 'AUTH', 'DIRECT', 'Error',    107, 'TRY', 'API', 'customData 106', 'chain 106', null, 0, '1906-07-19 07:46:00', '1906-07-19 07:46:00', null);
INSERT INTO transactions (id, transactionId, referenceNo, ipnTransactionId, fxTransactionId, merchantId, customerInfoId, agentInfoId, acquirerTransactionId, status, code, type, operation, message, amount, currency, channel, customData, chainId, returnUrl, refundable, createdAt, updatedAt, deletedAt) VALUES (107, 'transaction_107', 'reference_107', 4, 08, 4, 08, 4, 08, 'ERROR   ', '67', 'AUTH', 'DIRECT', 'Error',    108, 'USD', 'API', 'customData 107', 'chain 107', null, 0, '1907-07-20 07:47:00', '1907-07-20 07:47:00', null);
INSERT INTO transactions (id, transactionId, referenceNo, ipnTransactionId, fxTransactionId, merchantId, customerInfoId, agentInfoId, acquirerTransactionId, status, code, type, operation, message, amount, currency, channel, customData, chainId, returnUrl, refundable, createdAt, updatedAt, deletedAt) VALUES (108, 'transaction_108', 'reference_108', 1, 09, 1, 09, 1, 09, 'ERROR   ', '68', 'AUTH', 'DIRECT', 'Error',    109, 'EUR', 'API', 'customData 108', 'chain 108', null, 0, '1908-07-21 07:48:00', '1908-07-21 07:48:00', null);
INSERT INTO transactions (id, transactionId, referenceNo, ipnTransactionId, fxTransactionId, merchantId, customerInfoId, agentInfoId, acquirerTransactionId, status, code, type, operation, message, amount, currency, channel, customData, chainId, returnUrl, refundable, createdAt, updatedAt, deletedAt) VALUES (109, 'transaction_109', 'reference_109', 2, 10, 2, 10, 2, 10, 'ERROR   ', '69', 'AUTH', 'DIRECT', 'Error',    110, 'EUR', 'API', 'customData 109', 'chain 109', null, 0, '1909-07-22 07:49:00', '1909-07-22 07:49:00', null);
INSERT INTO transactions (id, transactionId, referenceNo, ipnTransactionId, fxTransactionId, merchantId, customerInfoId, agentInfoId, acquirerTransactionId, status, code, type, operation, message, amount, currency, channel, customData, chainId, returnUrl, refundable, createdAt, updatedAt, deletedAt) VALUES (110, 'transaction_110', 'reference_110', 3, 03, 3, 07, 3, 11, 'ERROR   ', '60', 'AUTH', 'DIRECT', 'Error',    103, 'USD', 'API', 'customData 110', 'chain 110', null, 0, '1910-07-23 07:50:00', '1910-07-23 07:50:00', null);